{
  "h10_accuracy": 0.82368,
  "h10_f1_c0": 0.06265624168927185,
  "h10_f1_c1": 0.9044040274254828,
  "h10_f1_c2": 0.08428393524283935,
  "h10_f1_macro": 0.350448068119198,
  "h10_f1_weighted": 0.7666702993640915,
  "h10_r2": 0.0,
  "h20_accuracy": 0.66778,
  "h20_f1_c0": 0.18295309683942151,
  "h20_f1_c1": 0.802106298275944,
  "h20_f1_c2": 0.15100491632065619,
  "h20_f1_macro": 0.3786881038120073,
  "h20_f1_weighted": 0.6172744033959724,
  "h20_r2": 0.0,
  "h50_accuracy": 0.44943,
  "h50_f1_c0": 0.30160907025680217,
  "h50_f1_c1": 0.5754058337259607,
  "h50_f1_c2": 0.3185383017508161,
  "h50_f1_macro": 0.3985177352445263,
  "h50_f1_weighted": 0.4399065645999809,
  "h50_r2": 0.0,
  "h100_accuracy": 0.390495,
  "h100_f1_c0": 0.3658839607404647,
  "h100_f1_c1": 0.38550693407625175,
  "h100_f1_c2": 0.41751723552145414,
  "h100_f1_macro": 0.38963604344605685,
  "h100_f1_weighted": 0.38988106416141105,
  "h100_r2": 0.0,
  "mean_r2": 0.0
}