{
  "h10_accuracy": 0.72988,
  "h10_f1_c0": 0.1423487544483986,
  "h10_f1_c1": 0.8472665575591958,
  "h10_f1_c2": 0.14998733215100077,
  "h10_f1_macro": 0.37986754805286504,
  "h10_f1_weighted": 0.7310429417828287,
  "h10_r2": 0.0,
  "h20_accuracy": 0.6038,
  "h20_f1_c0": 0.19048744926508257,
  "h20_f1_c1": 0.7524200555394653,
  "h20_f1_c2": 0.19777263678915372,
  "h20_f1_macro": 0.3802267138645672,
  "h20_f1_weighted": 0.5900091270180391,
  "h20_r2": 0.0,
  "h50_accuracy": 0.422835,
  "h50_f1_c0": 0.2910659723716486,
  "h50_f1_c1": 0.5459901276627782,
  "h50_f1_c2": 0.27554765758046945,
  "h50_f1_macro": 0.37086791920496537,
  "h50_f1_weighted": 0.4117185614542874,
  "h50_r2": 0.0,
  "h100_accuracy": 0.359445,
  "h100_f1_c0": 0.356801463278858,
  "h100_f1_c1": 0.39777069865157194,
  "h100_f1_c2": 0.3083639302215273,
  "h100_f1_macro": 0.3543120307173191,
  "h100_f1_weighted": 0.3548764505545058,
  "h100_r2": 0.0,
  "mean_r2": 0.0
}