{
  "h10_accuracy": 0.719935,
  "h10_f1_c0": 0.13096605129111089,
  "h10_f1_c1": 0.8401524884939953,
  "h10_f1_c2": 0.14388906617156452,
  "h10_f1_macro": 0.3716692019855569,
  "h10_f1_weighted": 0.7236647728713804,
  "h10_r2": 0.0,
  "h20_accuracy": 0.58257,
  "h20_f1_c0": 0.1948805887501563,
  "h20_f1_c1": 0.7342980317078796,
  "h20_f1_c2": 0.20654563076550303,
  "h20_f1_macro": 0.3785747504078463,
  "h20_f1_weighted": 0.5790820009363776,
  "h20_r2": 0.0,
  "h50_accuracy": 0.39923,
  "h50_f1_c0": 0.27521732363992085,
  "h50_f1_c1": 0.5118971885648909,
  "h50_f1_c2": 0.29023987768382387,
  "h50_f1_macro": 0.35911812996287856,
  "h50_f1_weighted": 0.3948674026310761,
  "h50_r2": 0.0,
  "h100_accuracy": 0.34178,
  "h100_f1_c0": 0.30015000046583995,
  "h100_f1_c1": 0.36665534500105734,
  "h100_f1_c2": 0.3460738962407776,
  "h100_f1_macro": 0.33762641390255826,
  "h100_f1_weighted": 0.33850049614322053,
  "h100_r2": 0.0,
  "mean_r2": 0.0
}