{
  "h10_accuracy": 0.79265,
  "h10_f1_c0": 0.10479069341394157,
  "h10_f1_c1": 0.8872685971285639,
  "h10_f1_c2": 0.1390320371905294,
  "h10_f1_macro": 0.37703044257767826,
  "h10_f1_weighted": 0.7604197162578421,
  "h10_r2": 0.0,
  "h20_accuracy": 0.633485,
  "h20_f1_c0": 0.1893562490577416,
  "h20_f1_c1": 0.7758462703897161,
  "h20_f1_c2": 0.19632547979403964,
  "h20_f1_macro": 0.38717599974716577,
  "h20_f1_weighted": 0.606244355324912,
  "h20_r2": 0.0,
  "h50_accuracy": 0.43279,
  "h50_f1_c0": 0.2752214149497502,
  "h50_f1_c1": 0.56016884325779,
  "h50_f1_c2": 0.2874457809087273,
  "h50_f1_macro": 0.3742786797054225,
  "h50_f1_weighted": 0.41775228439547607,
  "h50_r2": 0.0,
  "h100_accuracy": 0.36089,
  "h100_f1_c0": 0.29547307528050626,
  "h100_f1_c1": 0.4098731532607074,
  "h100_f1_c2": 0.3495639141888186,
  "h100_f1_macro": 0.3516367142433441,
  "h100_f1_weighted": 0.3531487052192952,
  "h100_r2": 0.0,
  "mean_r2": 0.0
}