{
  "timestamp": "2026-04-28T02:40:19.075944",
  "mode": "comparison_balanced_train_vs_original",
  "horizons": [
    10,
    20,
    50,
    100
  ],
  "runs": {
    "dilated_transformer": {
      "base_metrics": {
        "h10_accuracy": 0.530195,
        "h10_f1_macro": 0.32187731415175613,
        "h10_f1_weighted": 0.6065927841502226,
        "h10_precision_macro": 0.3465625302533999,
        "h10_recall_macro": 0.37592503124923926,
        "h20_accuracy": 0.448555,
        "h20_f1_macro": 0.33925823279238215,
        "h20_f1_weighted": 0.49421069076553265,
        "h20_precision_macro": 0.3522992899804705,
        "h20_recall_macro": 0.3738522495213557,
        "h50_accuracy": 0.34366,
        "h50_f1_macro": 0.34102447364319993,
        "h50_f1_weighted": 0.3475793296451767,
        "h50_precision_macro": 0.35285935785353834,
        "h50_recall_macro": 0.3692511439668566,
        "h100_accuracy": 0.35628,
        "h100_f1_macro": 0.33957117722543134,
        "h100_f1_weighted": 0.3297975505461615,
        "h100_precision_macro": 0.3672760667673254,
        "h100_recall_macro": 0.37342276962226945
      },
      "balanced_metrics": {
        "h10_accuracy": 0.248915,
        "h10_f1_macro": 0.21621618041740207,
        "h10_f1_weighted": 0.305379195058758,
        "h10_precision_macro": 0.35389316282636646,
        "h10_recall_macro": 0.41476868929494154,
        "h20_accuracy": 0.260455,
        "h20_f1_macro": 0.25600673759080994,
        "h20_f1_weighted": 0.27303469831687943,
        "h20_precision_macro": 0.362829715302748,
        "h20_recall_macro": 0.3979249429779634,
        "h50_accuracy": 0.29054,
        "h50_f1_macro": 0.28411417063468963,
        "h50_f1_weighted": 0.24208324360352887,
        "h50_precision_macro": 0.3724179984973706,
        "h50_recall_macro": 0.3783261439730025,
        "h100_accuracy": 0.344155,
        "h100_f1_macro": 0.29715425054991057,
        "h100_f1_weighted": 0.2801218827593154,
        "h100_precision_macro": 0.40744624193314377,
        "h100_recall_macro": 0.36855408593218136
      },
      "delta_metrics": {
        "h10_accuracy": -0.28128,
        "h10_f1_macro": -0.105661,
        "h10_f1_weighted": -0.301214,
        "h10_precision_macro": 0.007331,
        "h10_recall_macro": 0.038844,
        "h20_accuracy": -0.1881,
        "h20_f1_macro": -0.083251,
        "h20_f1_weighted": -0.221176,
        "h20_precision_macro": 0.01053,
        "h20_recall_macro": 0.024073,
        "h50_accuracy": -0.05312,
        "h50_f1_macro": -0.05691,
        "h50_f1_weighted": -0.105496,
        "h50_precision_macro": 0.019559,
        "h50_recall_macro": 0.009075,
        "h100_accuracy": -0.012125,
        "h100_f1_macro": -0.042417,
        "h100_f1_weighted": -0.049676,
        "h100_precision_macro": 0.04017,
        "h100_recall_macro": -0.004869
      }
    },
    "hybrid_cnn_inception_lstm": {
      "base_metrics": {
        "h10_accuracy": 0.66366,
        "h10_f1_macro": 0.3579835937812768,
        "h10_f1_weighted": 0.7039479053831231,
        "h10_precision_macro": 0.3603277527523902,
        "h10_recall_macro": 0.37628657050581543,
        "h20_accuracy": 0.54777,
        "h20_f1_macro": 0.3655829849779035,
        "h20_f1_weighted": 0.5721738547894625,
        "h20_precision_macro": 0.36713259438441725,
        "h20_recall_macro": 0.37472190045020026,
        "h50_accuracy": 0.399155,
        "h50_f1_macro": 0.3635330835229799,
        "h50_f1_weighted": 0.40528950834933086,
        "h50_precision_macro": 0.3637355032879763,
        "h50_recall_macro": 0.36667685754241974,
        "h100_accuracy": 0.364735,
        "h100_f1_macro": 0.3649392710247614,
        "h100_f1_weighted": 0.36380393355182516,
        "h100_precision_macro": 0.36582918266930925,
        "h100_recall_macro": 0.3686983174190201
      },
      "balanced_metrics": {
        "h10_accuracy": 0.49202,
        "h10_f1_macro": 0.3004741058750675,
        "h10_f1_weighted": 0.5788951776756227,
        "h10_precision_macro": 0.3409793503867424,
        "h10_recall_macro": 0.3494875198360958,
        "h20_accuracy": 0.23166,
        "h20_f1_macro": 0.22255334654000627,
        "h20_f1_weighted": 0.23991091855020222,
        "h20_precision_macro": 0.3485399661884827,
        "h20_recall_macro": 0.3608234932308579,
        "h50_accuracy": 0.27124,
        "h50_f1_macro": 0.25652653391949515,
        "h50_f1_weighted": 0.21040493661574103,
        "h50_precision_macro": 0.3645224387135244,
        "h50_recall_macro": 0.36158353687112504,
        "h100_accuracy": 0.324815,
        "h100_f1_macro": 0.2684543617343486,
        "h100_f1_weighted": 0.2507498955155337,
        "h100_precision_macro": 0.4073217628431503,
        "h100_recall_macro": 0.3495021453504689
      },
      "delta_metrics": {
        "h10_accuracy": -0.17164,
        "h10_f1_macro": -0.057509,
        "h10_f1_weighted": -0.125053,
        "h10_precision_macro": -0.019348,
        "h10_recall_macro": -0.026799,
        "h20_accuracy": -0.31611,
        "h20_f1_macro": -0.14303,
        "h20_f1_weighted": -0.332263,
        "h20_precision_macro": -0.018593,
        "h20_recall_macro": -0.013898,
        "h50_accuracy": -0.127915,
        "h50_f1_macro": -0.107007,
        "h50_f1_weighted": -0.194885,
        "h50_precision_macro": 0.000787,
        "h50_recall_macro": -0.005093,
        "h100_accuracy": -0.03992,
        "h100_f1_macro": -0.096485,
        "h100_f1_weighted": -0.113054,
        "h100_precision_macro": 0.041493,
        "h100_recall_macro": -0.019196
      }
    },
    "seq2seq_attn": {
      "base_metrics": {
        "h10_accuracy": 0.848975,
        "h10_f1_macro": 0.3137716284608693,
        "h10_f1_weighted": 0.7883313465635862,
        "h10_precision_macro": 0.31632256557630073,
        "h10_recall_macro": 0.33440173845354093,
        "h20_accuracy": 0.700785,
        "h20_f1_macro": 0.3093270378110014,
        "h20_f1_weighted": 0.6270517859437117,
        "h20_precision_macro": 0.3484315375529903,
        "h20_recall_macro": 0.3355424660837432,
        "h50_accuracy": 0.464155,
        "h50_f1_macro": 0.30343248490716174,
        "h50_f1_weighted": 0.39954654950666146,
        "h50_precision_macro": 0.3568186376632661,
        "h50_recall_macro": 0.3376915240296809,
        "h100_accuracy": 0.31896,
        "h100_f1_macro": 0.23475605268581554,
        "h100_f1_weighted": 0.22320657064297694,
        "h100_precision_macro": 0.36720244492333665,
        "h100_recall_macro": 0.340483039360511
      },
      "balanced_metrics": {
        "h10_accuracy": 0.172885,
        "h10_f1_macro": 0.15467546118440878,
        "h10_f1_weighted": 0.2121981593764849,
        "h10_precision_macro": 0.3193821689315146,
        "h10_recall_macro": 0.32023155682466564,
        "h20_accuracy": 0.18017,
        "h20_f1_macro": 0.1841322443788098,
        "h20_f1_weighted": 0.16741737916242794,
        "h20_precision_macro": 0.3224920264283027,
        "h20_recall_macro": 0.3267471911796817,
        "h50_accuracy": 0.24661,
        "h50_f1_macro": 0.2157824685475218,
        "h50_f1_weighted": 0.16863366103420255,
        "h50_precision_macro": 0.36138923581310917,
        "h50_recall_macro": 0.3378676390018592,
        "h100_accuracy": 0.31647,
        "h100_f1_macro": 0.24233899616304666,
        "h100_f1_weighted": 0.22773849960449447,
        "h100_precision_macro": 0.37831188728807796,
        "h100_recall_macro": 0.33940877282367016
      },
      "delta_metrics": {
        "h10_accuracy": -0.67609,
        "h10_f1_macro": -0.159096,
        "h10_f1_weighted": -0.576133,
        "h10_precision_macro": 0.00306,
        "h10_recall_macro": -0.01417,
        "h20_accuracy": -0.520615,
        "h20_f1_macro": -0.125195,
        "h20_f1_weighted": -0.459634,
        "h20_precision_macro": -0.02594,
        "h20_recall_macro": -0.008795,
        "h50_accuracy": -0.217545,
        "h50_f1_macro": -0.08765,
        "h50_f1_weighted": -0.230913,