{
  "h10_accuracy": 0.830175,
  "h10_f1_c0": 0.02663682148852826,
  "h10_f1_c1": 0.9073718827075912,
  "h10_f1_c2": 0.02867092280905397,
  "h10_f1_macro": 0.32089320900172447,
  "h10_f1_weighted": 0.7692753156680876,
  "h10_r2": 0.0,
  "h20_accuracy": 0.27946,
  "h20_f1_c0": 0.23602969910121138,
  "h20_f1_c1": 0.3155908381051536,
  "h20_f1_c2": 0.2636149994891182,
  "h20_f1_macro": 0.27174517889849437,
  "h20_f1_weighted": 0.29667243093880485,
  "h20_r2": 0.0,
  "h50_accuracy": 0.295,
  "h50_f1_c0": 0.38621336403888845,
  "h50_f1_c1": 0.04595203605343635,
  "h50_f1_c2": 0.3660737264400878,
  "h50_f1_macro": 0.2660797088441375,
  "h50_f1_weighted": 0.21678240101296403,
  "h50_r2": 0.0,
  "h100_accuracy": 0.35379,
  "h100_f1_c0": 0.45326085277902184,
  "h100_f1_c1": 0.04109686306252574,
  "h100_f1_c2": 0.3737160254799663,
  "h100_f1_macro": 0.28935791377383796,
  "h100_f1_weighted": 0.2856577184170973,
  "h100_r2": 0.0,
  "mean_r2": 0.0
}