{
  "h10_accuracy": 0.83898,
  "h10_f1_c0": 0.006221408966148216,
  "h10_f1_c1": 0.912449239924822,
  "h10_f1_c2": 0.0011289513296537882,
  "h10_f1_macro": 0.30659986674020795,
  "h10_f1_weighted": 0.7697859668286609,
  "h10_r2": 0.0,
  "h20_accuracy": 0.4849,
  "h20_f1_c0": 0.18658372838626583,
  "h20_f1_c1": 0.6395737845607027,
  "h20_f1_c2": 0.18714368727718184,
  "h20_f1_macro": 0.33776706674138346,
  "h20_f1_weighted": 0.5091711789198666,
  "h20_r2": 0.0,
  "h50_accuracy": 0.27668,
  "h50_f1_c0": 0.3931962797290427,
  "h50_f1_c1": 0.0248930535750662,
  "h50_f1_c2": 0.2956593185998525,
  "h50_f1_macro": 0.23791621730132048,
  "h50_f1_weighted": 0.19020039429663407,
  "h50_r2": 0.0,
  "h100_accuracy": 0.338625,
  "h100_f1_c0": 0.4628252528125248,
  "h100_f1_c1": 0.01355550096102432,
  "h100_f1_c2": 0.3029849719729014,
  "h100_f1_macro": 0.2597885752488169,
  "h100_f1_weighted": 0.2559690594542216,
  "h100_r2": 0.0,
  "mean_r2": 0.0
}