{
  "h10_accuracy": 0.510625,
  "h10_f1_c0": 0.14521515122602807,
  "h10_f1_c1": 0.6769354214726826,
  "h10_f1_c2": 0.0033695245226506927,
  "h10_f1_macro": 0.27517336574045376,
  "h10_f1_weighted": 0.5822232890768531,
  "h10_r2": 0.0,
  "h20_accuracy": 0.3382,
  "h20_f1_c0": 0.244053433119179,
  "h20_f1_c1": 0.45117900626960766,
  "h20_f1_c2": 0.139535844923433,
  "h20_f1_macro": 0.27825609477073987,
  "h20_f1_weighted": 0.3763640475749484,
  "h20_r2": 0.0,
  "h50_accuracy": 0.280115,
  "h50_f1_c0": 0.39113915967817464,
  "h50_f1_c1": 0.06430672082935802,
  "h50_f1_c2": 0.2898653116310245,
  "h50_f1_macro": 0.2484370640461857,
  "h50_f1_weighted": 0.2071909692656816,
  "h50_r2": 0.0,
  "h100_accuracy": 0.33997,
  "h100_f1_c0": 0.4556932326416893,
  "h100_f1_c1": 0.030004715026647043,
  "h100_f1_c2": 0.32417521088131646,
  "h100_f1_macro": 0.26995771951655095,
  "h100_f1_weighted": 0.2662804125945869,
  "h100_r2": 0.0,
  "mean_r2": 0.0
}