{
  "h10_accuracy": 0.781115,
  "h10_f1_c0": 0.0638551031200423,
  "h10_f1_c1": 0.8781808460378576,
  "h10_f1_c2": 0.005657708628005658,
  "h10_f1_macro": 0.31589788592863516,
  "h10_f1_weighted": 0.7457352654271802,
  "h10_r2": 0.0,
  "h20_accuracy": 0.24292,
  "h20_f1_c0": 0.25046939106650284,
  "h20_f1_c1": 0.2691650536139005,
  "h20_f1_c2": 0.12732840507909263,
  "h20_f1_macro": 0.2156542832531653,
  "h20_f1_weighted": 0.24592740357359777,
  "h20_r2": 0.0,
  "h50_accuracy": 0.274175,
  "h50_f1_c0": 0.3994327195807894,
  "h50_f1_c1": 0.02749623478650222,
  "h50_f1_c2": 0.2548174388083908,
  "h50_f1_macro": 0.22724879772522746,
  "h50_f1_weighted": 0.1824989927902421,
  "h50_r2": 0.0,
  "h100_accuracy": 0.33879,
  "h100_f1_c0": 0.4680685780355175,
  "h100_f1_c1": 0.024332088480321746,
  "h100_f1_c2": 0.27701710593935835,
  "h100_f1_macro": 0.2564725908183992,
  "h100_f1_weighted": 0.2527971122839878,
  "h100_r2": 0.0,
  "mean_r2": 0.0
}