{
  "h10_accuracy": 0.66647,
  "h10_f1_c0": 0.12130865120512278,
  "h10_f1_c1": 0.8039678820064124,
  "h10_f1_c2": 0.0058953574060427415,
  "h10_f1_macro": 0.31039063020585933,
  "h10_f1_weighted": 0.687656378288711,
  "h10_r2": 0.0,
  "h20_accuracy": 0.24673,
  "h20_f1_c0": 0.24733219942982002,
  "h20_f1_c1": 0.27624969025252866,
  "h20_f1_c2": 0.15339449541284406,
  "h20_f1_macro": 0.2256587950317309,
  "h20_f1_weighted": 0.2543013883811863,
  "h20_r2": 0.0,
  "h50_accuracy": 0.27278,
  "h50_f1_c0": 0.3948351477993869,
  "h50_f1_c1": 0.023782281791435107,
  "h50_f1_c2": 0.27245582260512013,
  "h50_f1_macro": 0.23035775073198073,
  "h50_f1_weighted": 0.18408276518877098,
  "h50_r2": 0.0,
  "h100_accuracy": 0.33531,
  "h100_f1_c0": 0.4617069164791046,
  "h100_f1_c1": 0.005603460790291206,
  "h100_f1_c2": 0.2986874717861797,
  "h100_f1_macro": 0.2553326163518585,
  "h100_f1_weighted": 0.2514571893888134,
  "h100_r2": 0.0,
  "mean_r2": 0.0
}