{
  "h10_accuracy": 0.842235,
  "h10_f1_c0": 0.0027975584944048833,
  "h10_f1_c1": 0.914356602278033,
  "h10_f1_c2": 0.0007554772097708386,
  "h10_f1_macro": 0.3059698793274029,
  "h10_f1_weighted": 0.7710982082222589,
  "h10_r2": 0.0,
  "h20_accuracy": 0.509315,
  "h20_f1_c0": 0.1954114243423266,
  "h20_f1_c1": 0.6645683387258895,
  "h20_f1_c2": 0.15152485542599883,
  "h20_f1_macro": 0.3371682061647383,
  "h20_f1_weighted": 0.5230652342090596,
  "h20_r2": 0.0,
  "h50_accuracy": 0.278445,
  "h50_f1_c0": 0.3983888464783639,
  "h50_f1_c1": 0.030535436750200626,
  "h50_f1_c2": 0.28354726926643564,
  "h50_f1_macro": 0.23749051749833341,
  "h50_f1_weighted": 0.19113144601008997,
  "h50_r2": 0.0,
  "h100_accuracy": 0.34083,
  "h100_f1_c0": 0.46512661039537984,
  "h100_f1_c1": 0.029196662420746807,
  "h100_f1_c2": 0.29623003867301567,
  "h100_f1_macro": 0.26351777049638075,
  "h100_f1_weighted": 0.2598520132207912,
  "h100_r2": 0.0,
  "mean_r2": 0.0
}