{
  "arch": "hybrid_cnn_inception_lstm",
  "epoch": 1,
  "best_score": 0.0,
  "best_epoch": 1,
  "no_improve": 0,
  "completed": true,
  "epoch_history": [
    {
      "epoch": 1,
      "mean_macro_f1": 0.0,
      "avg_train_loss": 0.3633305425445239,
      "bad_batches": 0,
      "improved": true
    }
  ],
  "best_metrics": {
    "h10_accuracy": 0.0,
    "h10_f1_c0": 0.0,
    "h10_f1_c1": 0.0,
    "h10_f1_c2": 0.0,
    "h10_f1_macro": 0.0,
    "h10_f1_weighted": 0.0,
    "h20_accuracy": 0.0,
    "h20_f1_c0": 0.0,
    "h20_f1_c1": 0.0,
    "h20_f1_c2": 0.0,
    "h20_f1_macro": 0.0,
    "h20_f1_weighted": 0.0,
    "h50_accuracy": 0.0,
    "h50_f1_c0": 0.0,
    "h50_f1_c1": 0.0,
    "h50_f1_c2": 0.0,
    "h50_f1_macro": 0.0,
    "h50_f1_weighted": 0.0,
    "h100_accuracy": 0.0,
    "h100_f1_c0": 0.0,
    "h100_f1_c1": 0.0,
    "h100_f1_c2": 0.0,
    "h100_f1_macro": 0.0,
    "h100_f1_weighted": 0.0
  },
  "timestamp": "2026-07-13T16:27:02.017407"
}