{
  "h10_accuracy": 0.81019,
  "h10_f1_c0": 0.12751218677841444,
  "h10_f1_c1": 0.8972690126516825,
  "h10_f1_c2": 0.08704024648565375,
  "h10_f1_macro": 0.3706071486385835,
  "h10_f1_weighted": 0.7732247801384926,
  "h10_r2": 0.0,
  "h20_accuracy": 0.63347,
  "h20_f1_c0": 0.19672935404742437,
  "h20_f1_c1": 0.7761071141518496,
  "h20_f1_c2": 0.13826809437064025,
  "h20_f1_macro": 0.37036818752330475,
  "h20_f1_weighted": 0.6007419292321282,
  "h20_r2": 0.0,
  "h50_accuracy": 0.360225,
  "h50_f1_c0": 0.36044466013527854,
  "h50_f1_c1": 0.4140445011218517,
  "h50_f1_c2": 0.27212139653124723,
  "h50_f1_macro": 0.3488701859294592,
  "h50_f1_weighted": 0.3634543395380641,
  "h50_r2": 0.0,
  "h100_accuracy": 0.34572,
  "h100_f1_c0": 0.4376124119614732,
  "h100_f1_c1": 0.21191304786402382,
  "h100_f1_c2": 0.3201026210863455,
  "h100_f1_macro": 0.3232093603039475,
  "h100_f1_weighted": 0.3213993324935093,
  "h100_r2": 0.0,
  "mean_r2": 0.0
}