{
  "h10_accuracy": 0.77685,
  "h10_f1_c0": 0.13730332322020744,
  "h10_f1_c1": 0.8771286697849211,
  "h10_f1_c2": 0.10111494019866207,
  "h10_f1_macro": 0.3718489777345968,
  "h10_f1_weighted": 0.7581225956429047,
  "h10_r2": 0.0,
  "h20_accuracy": 0.55715,
  "h20_f1_c0": 0.20641869452327757,
  "h20_f1_c1": 0.7106022082748076,
  "h20_f1_c2": 0.17803239374964314,
  "h20_f1_macro": 0.3650177655159094,
  "h20_f1_weighted": 0.5612568431840217,
  "h20_r2": 0.0,
  "h50_accuracy": 0.327855,
  "h50_f1_c0": 0.38447415439590904,
  "h50_f1_c1": 0.2921053768706699,
  "h50_f1_c2": 0.28509854708810556,
  "h50_f1_macro": 0.3205593594515615,
  "h50_f1_weighted": 0.3141752722154579,
  "h50_r2": 0.0,
  "h100_accuracy": 0.345155,
  "h100_f1_c0": 0.4555739669105463,
  "h100_f1_c1": 0.13833520655090947,
  "h100_f1_c2": 0.31409690497210097,
  "h100_f1_macro": 0.3026686928111856,
  "h100_f1_weighted": 0.3000552909171541,
  "h100_r2": 0.0,
  "mean_r2": 0.0
}