{
  "h10_accuracy": 0.729825,
  "h10_f1_c0": 0.11977114481567443,
  "h10_f1_c1": 0.8467267249439737,
  "h10_f1_c2": 0.08575486545622049,
  "h10_f1_macro": 0.3507509117386229,
  "h10_f1_weighted": 0.7299131076734029,
  "h10_r2": 0.0,
  "h20_accuracy": 0.525575,
  "h20_f1_c0": 0.19360582981754423,
  "h20_f1_c1": 0.6843538450939652,
  "h20_f1_c2": 0.14366345721930357,
  "h20_f1_macro": 0.34054104404360436,
  "h20_f1_weighted": 0.5357534838261622,
  "h20_r2": 0.0,
  "h50_accuracy": 0.36055,
  "h50_f1_c0": 0.34699443288280507,
  "h50_f1_c1": 0.4342771658758572,
  "h50_f1_c2": 0.23949433304272014,
  "h50_f1_macro": 0.3402553106004608,
  "h50_f1_weighted": 0.3612971610539644,
  "h50_r2": 0.0,
  "h100_accuracy": 0.340555,
  "h100_f1_c0": 0.43892176483598294,
  "h100_f1_c1": 0.22627623534909072,
  "h100_f1_c2": 0.2825047587556636,
  "h100_f1_macro": 0.3159009196469124,
  "h100_f1_weighted": 0.3143291859341665,
  "h100_r2": 0.0,
  "mean_r2": 0.0
}