{
  "h10_accuracy": 0.80538,
  "h10_f1_c0": 0.1357972722680586,
  "h10_f1_c1": 0.8944791719604953,
  "h10_f1_c2": 0.09583824462779944,
  "h10_f1_macro": 0.37537156295211777,
  "h10_f1_weighted": 0.7722141348160098,
  "h10_r2": 0.0,
  "h20_accuracy": 0.600815,
  "h20_f1_c0": 0.22852514948391436,
  "h20_f1_c1": 0.7489323351392316,
  "h20_f1_c2": 0.15661323871283492,
  "h20_f1_macro": 0.3780235744453269,
  "h20_f1_weighted": 0.5886036160471803,
  "h20_r2": 0.0,
  "h50_accuracy": 0.38214,
  "h50_f1_c0": 0.35314671556398497,
  "h50_f1_c1": 0.47231020825070497,
  "h50_f1_c2": 0.23685217273893375,
  "h50_f1_macro": 0.35410303218454126,
  "h50_f1_weighted": 0.38055980559336167,
  "h50_r2": 0.0,
  "h100_accuracy": 0.34638,
  "h100_f1_c0": 0.44274040382478674,
  "h100_f1_c1": 0.23906173456155688,
  "h100_f1_c2": 0.28954854669140384,
  "h100_f1_macro": 0.3237835616925825,
  "h100_f1_weighted": 0.32228795858571574,
  "h100_r2": 0.0,
  "mean_r2": 0.0
}