{
  "h10_accuracy": 0.79265,
  "h10_f1_c0": 0.10750663357014464,
  "h10_f1_c1": 0.8857511378293454,
  "h10_f1_c2": 0.11262577085361897,
  "h10_f1_macro": 0.368627847417703,
  "h10_f1_weighted": 0.7586274867659198,
  "h10_r2": 0.0,
  "h20_accuracy": 0.658625,
  "h20_f1_c0": 0.1524867333086511,
  "h20_f1_c1": 0.7943688122746667,
  "h20_f1_c2": 0.16497964450179084,
  "h20_f1_macro": 0.37061173002836956,
  "h20_f1_weighted": 0.6054299873410031,
  "h20_r2": 0.0,
  "h50_accuracy": 0.439855,
  "h50_f1_c0": 0.22413629653706038,
  "h50_f1_c1": 0.5721581802211336,
  "h50_f1_c2": 0.31362121197732173,
  "h50_f1_macro": 0.3699718962451719,
  "h50_f1_weighted": 0.41503590555632514,
  "h50_r2": 0.0,
  "h100_accuracy": 0.373285,
  "h100_f1_c0": 0.2727429937439601,
  "h100_f1_c1": 0.3856868737118897,
  "h100_f1_c2": 0.4238407305028419,
  "h100_f1_macro": 0.3607568659862306,
  "h100_f1_weighted": 0.3617105654634585,
  "h100_r2": 0.0,
  "mean_r2": 0.0
}