{
  "h10_accuracy": 0.72408,
  "h10_f1_c0": 0.14455648813477448,
  "h10_f1_c1": 0.8420499200846021,
  "h10_f1_c2": 0.13419150061717514,
  "h10_f1_macro": 0.3735993029455173,
  "h10_f1_weighted": 0.7268815735533912,
  "h10_r2": 0.0,
  "h20_accuracy": 0.60803,
  "h20_f1_c0": 0.20433292675843645,
  "h20_f1_c1": 0.7546964962458566,
  "h20_f1_c2": 0.19060587971944484,
  "h20_f1_macro": 0.38321176757457925,
  "h20_f1_weighted": 0.5890376621852064,
  "h20_r2": 0.0,
  "h50_accuracy": 0.418385,
  "h50_f1_c0": 0.2786179337903476,
  "h50_f1_c1": 0.5316880669101189,
  "h50_f1_c2": 0.3184370334411094,
  "h50_f1_macro": 0.37624767804719195,
  "h50_f1_weighted": 0.4108321596242543,
  "h50_r2": 0.0,
  "h100_accuracy": 0.37042,
  "h100_f1_c0": 0.34542073848923005,
  "h100_f1_c1": 0.36824432363287496,
  "h100_f1_c2": 0.3928480063057021,
  "h100_f1_macro": 0.3688376894759357,
  "h100_f1_weighted": 0.36904344832282376,
  "h100_r2": 0.0,
  "mean_r2": 0.0
}