{
  "h10_accuracy": 0.77203,
  "h10_f1_c0": 0.10624581379772272,
  "h10_f1_c1": 0.8733045266538808,
  "h10_f1_c2": 0.1311881188118812,
  "h10_f1_macro": 0.3702461530878282,
  "h10_f1_weighted": 0.7496515085980545,
  "h10_r2": 0.0,
  "h20_accuracy": 0.63918,
  "h20_f1_c0": 0.14574780058651024,
  "h20_f1_c1": 0.7807980478750848,
  "h20_f1_c2": 0.17845706539889594,
  "h20_f1_macro": 0.3683343046201637,
  "h20_f1_weighted": 0.5969165766035849,
  "h20_r2": 0.0,
  "h50_accuracy": 0.422755,
  "h50_f1_c0": 0.20146810970428872,
  "h50_f1_c1": 0.5571477465143928,
  "h50_f1_c2": 0.29128317208504867,
  "h50_f1_macro": 0.34996634276791005,
  "h50_f1_weighted": 0.39613974720800177,
  "h50_r2": 0.0,
  "h100_accuracy": 0.351275,
  "h100_f1_c0": 0.228837702347563,
  "h100_f1_c1": 0.41024681905585725,
  "h100_f1_c2": 0.3584909751989649,
  "h100_f1_macro": 0.33252516553412836,
  "h100_f1_weighted": 0.3339697585463483,
  "h100_r2": 0.0,
  "mean_r2": 0.0
}