{
  "h10_accuracy": 0.80012,
  "h10_f1_c0": 0.10980805551895288,
  "h10_f1_c1": 0.8900839899166884,
  "h10_f1_c2": 0.11077370514520336,
  "h10_f1_macro": 0.37022191686028155,
  "h10_f1_weighted": 0.7622843296873718,
  "h10_r2": 0.0,
  "h20_accuracy": 0.647065,
  "h20_f1_c0": 0.1650410429744085,
  "h20_f1_c1": 0.7845822697392837,
  "h20_f1_c2": 0.18204217399338848,
  "h20_f1_macro": 0.37722182890236017,
  "h20_f1_weighted": 0.6029595012842195,
  "h20_r2": 0.0,
  "h50_accuracy": 0.43428,
  "h50_f1_c0": 0.2434634624310247,
  "h50_f1_c1": 0.5639067815010494,
  "h50_f1_c2": 0.2975809952251292,
  "h50_f1_macro": 0.3683170797190678,
  "h50_f1_weighted": 0.4118429218897136,
  "h50_r2": 0.0,
  "h100_accuracy": 0.36714,
  "h100_f1_c0": 0.3014747077647685,
  "h100_f1_c1": 0.4269339459135533,
  "h100_f1_c2": 0.34093282562940824,
  "h100_f1_macro": 0.35644715976924335,
  "h100_f1_weighted": 0.35740747033694165,
  "h100_r2": 0.0,
  "mean_r2": 0.0
}