{
  "timestamp": "2026-05-02T23:12:19.359399",
  "mode": "comparison_smote_vs_undersample_vs_original",
  "horizons": [
    10,
    20,
    50,
    100
  ],
  "runs": {
    "dilated_transformer": {
      "base_metrics": {
        "h10_accuracy": 0.530195,
        "h10_f1_macro": 0.32187731415175613,
        "h10_f1_weighted": 0.6065927841502226,
        "h10_precision_macro": 0.3465625302533999,
        "h10_recall_macro": 0.37592503124923926,
        "h20_accuracy": 0.448555,
        "h20_f1_macro": 0.33925823279238215,
        "h20_f1_weighted": 0.49421069076553265,
        "h20_precision_macro": 0.3522992899804705,
        "h20_recall_macro": 0.3738522495213557,
        "h50_accuracy": 0.34366,
        "h50_f1_macro": 0.34102447364319993,
        "h50_f1_weighted": 0.3475793296451767,
        "h50_precision_macro": 0.35285935785353834,
        "h50_recall_macro": 0.3692511439668566,
        "h100_accuracy": 0.35628,
        "h100_f1_macro": 0.33957117722543134,
        "h100_f1_weighted": 0.3297975505461615,
        "h100_precision_macro": 0.3672760667673254,
        "h100_recall_macro": 0.37342276962226945
      },
      "undersample_metrics": {
        "h10_accuracy": 0.248915,
        "h10_f1_macro": 0.21621618041740207,
        "h10_f1_weighted": 0.305379195058758,
        "h10_precision_macro": 0.35389316282636646,
        "h10_recall_macro": 0.41476868929494154,
        "h20_accuracy": 0.260455,
        "h20_f1_macro": 0.25600673759080994,
        "h20_f1_weighted": 0.27303469831687943,
        "h20_precision_macro": 0.362829715302748,
        "h20_recall_macro": 0.3979249429779634,
        "h50_accuracy": 0.29054,
        "h50_f1_macro": 0.28411417063468963,
        "h50_f1_weighted": 0.24208324360352887,
        "h50_precision_macro": 0.3724179984973706,
        "h50_recall_macro": 0.3783261439730025,
        "h100_accuracy": 0.344155,
        "h100_f1_macro": 0.29715425054991057,
        "h100_f1_weighted": 0.2801218827593154,
        "h100_precision_macro": 0.40744624193314377,
        "h100_recall_macro": 0.36855408593218136
      },
      "smote_metrics": {
        "h10_accuracy": 0.794575,
        "h10_f1_macro": 0.40610179706539773,
        "h10_f1_weighted": 0.7832922838898523,
        "h10_precision_macro": 0.4177509878828592,
        "h10_recall_macro": 0.39980355718527333,
        "h20_accuracy": 0.696705,
        "h20_f1_macro": 0.42598693184411496,
        "h20_f1_weighted": 0.66880666175891,
        "h20_precision_macro": 0.45641933304896504,
        "h20_recall_macro": 0.41586954231249895,
        "h50_accuracy": 0.396255,
        "h50_f1_macro": 0.39315690092253613,
        "h50_f1_weighted": 0.40205996876345373,
        "h50_precision_macro": 0.42333999823900986,
        "h50_recall_macro": 0.4298553498854339,
        "h100_accuracy": 0.36049,
        "h100_f1_macro": 0.31421780850332753,
        "h100_f1_weighted": 0.2970994163939543,
        "h100_precision_macro": 0.4316653246768795,
        "h100_recall_macro": 0.38560438284028004
      },
      "delta_smote_vs_base": {
        "h10_accuracy": 0.26438,
        "h10_f1_macro": 0.084224,
        "h10_f1_weighted": 0.176699,
        "h10_precision_macro": 0.071188,
        "h10_recall_macro": 0.023879,
        "h20_accuracy": 0.24815,
        "h20_f1_macro": 0.086729,
        "h20_f1_weighted": 0.174596,
        "h20_precision_macro": 0.10412,
        "h20_recall_macro": 0.042017,
        "h50_accuracy": 0.052595,
        "h50_f1_macro": 0.052132,
        "h50_f1_weighted": 0.054481,
        "h50_precision_macro": 0.070481,
        "h50_recall_macro": 0.060604,
        "h100_accuracy": 0.00421,
        "h100_f1_macro": -0.025353,
        "h100_f1_weighted": -0.032698,
        "h100_precision_macro": 0.064389,
        "h100_recall_macro": 0.012182
      },
      "delta_smote_vs_undersample": {
        "h10_accuracy": 0.54566,
        "h10_f1_macro": 0.189886,
        "h10_f1_weighted": 0.477913,
        "h10_precision_macro": 0.063858,
        "h10_recall_macro": -0.014965,
        "h20_accuracy": 0.43625,
        "h20_f1_macro": 0.16998,
        "h20_f1_weighted": 0.395772,
        "h20_precision_macro": 0.09359,
        "h20_recall_macro": 0.017945,
        "h50_accuracy": 0.105715,
        "h50_f1_macro": 0.109043,
        "h50_f1_weighted": 0.159977,
        "h50_precision_macro": 0.050922,
        "h50_recall_macro": 0.051529,
        "h100_accuracy": 0.016335,
        "h100_f1_macro": 0.017064,
        "h100_f1_weighted": 0.016978,
        "h100_precision_macro": 0.024219,
        "h100_recall_macro": 0.01705
      },
      "delta_undersample_vs_base": {
        "h10_accuracy": -0.28128,
        "h10_f1_macro": -0.105661,
        "h10_f1_weighted": -0.301214,
        "h10_precision_macro": 0.007331,
        "h10_recall_macro": 0.038844,
        "h20_accuracy": -0.1881,
        "h20_f1_macro": -0.083251,
        "h20_f1_weighted": -0.221176,
        "h20_precision_macro": 0.01053,
        "h20_recall_macro": 0.024073,
        "h50_accuracy": -0.05312,
        "h50_f1_macro": -0.05691,
        "h50_f1_weighted": -0.105496,
        "h50_precision_macro": 0.019559,
        "h50_recall_macro": 0.009075,
        "h100_accuracy": -0.012125,
        "h100_f1_macro": -0.042417,
        "h100_f1_weighted": -0.049676,
        "h100_precision_macro": 0.04017,
        "h100_recall_macro": -0.004869
      }
    },
    "hybrid_cnn_inception_lstm": {
      "base_metrics": {
        "h10_accuracy": 0.66366,
        "h10_f1_macro": 0.3579835937812768,
        "h10_f1_weighted": 0.7039479053831231,
        "h10_precision_macro": 0.3603277527523902,
        "h10_recall_macro": 0.37628657050581543,
        "h20_accuracy": 0.54777,
        "h20_f1_macro": 0.3655829849779035,
        "h20_f1_weighted": 0.5721738547894625,
        "h20_precision_macro": 0.36713259438441725,
        "h20_recall_macro": 0.37472190045020026,
        "h50_accuracy": 0.399155,
        "h50_f1_macro": 0.3635330835229799,
        "h50_f1_weighted": 0.40528950834933086,
        "h50_precision_macro": 0.3637355032879763,
        "h50_recall_macro": 0.36667685754241974,
        "h100_accuracy": 0.364735,
        "h100_f1_macro": 0.3649392710247614,
        "h100_f1_weighted": 0.36380393355182516,
        "h100_precision_macro": 0.36582918266930925,
        "h100_recall_macro": 0.3686983174190201
      },
      "undersample_metrics": {
        "h10_accuracy": 0.49202,
        "h10_f1_macro": 0.3004741058750675,
        "h10_f1_weighted": 0.5788951776756227,
        "h10_precision_macro": 0.3409793503867424,
        "h10_recall_macro": 0.3494875198360958,
        "h20_accuracy": 0.23166,
        "h20_f1_macro": 0.22255334654000627,
        "h20_f1_weighted": 0.23991091855020222,
        "h20_precision_macro": 0.3485399661884827,
        "h20_recall_macro": 0.3608234932308579,
        "h50_accuracy": 0.27124,
        "h50_f1_macro": 0.25652653391949515,
        "h50_f1_weighted": 0.21040493661574103,
        "h50_precision_macro": 0.3645224387135244,
        "h50_recall_macro": 0.36158353687112504,
        "h100_accuracy": 0.324815,
        "h100_f1_macro": 0.2684543617343486,
        "h100_f1_weighted": 0.2507498955155337,
        "h100_precision_macro": 0.4073217628431503,
        "h100_recall_macro": 0.3495021453504689
      },
      "smote_metrics": {
        "h10_accuracy": 0.634915,
        "h10_f1_macro": 0.35706356703778175,
        "h10_f1_weighted": 0.6852148449818989,
        "h10_precision_macro": 0.38694508962259894,
        "h10_recall_macro": 0.3871753976683325,
        "h20_accuracy": 0.501355,
        "h20_f1_macro": 0.3620831085754521,
        "h20_f1_weighted": 0.5401368937513134,
        "h20_precision_macro": 0.3995246618326589,
        "h20_recall_macro": 0.3930876950593855,
        "h50_accuracy": 0.371815,
        "h50_f1_macro": 0.36102285335419476,
        "h50_f1_weighted": 0.37786056083035546,
        "h50_precision_macro": 0.38919058539215295,
        "h50_recall_macro": 0.389485525961568,