{
  "architecture": "cnn_inception_lstm",
  "timestamp": "2026-07-12T16:20:07.128363",
  "horizons": [
    10,
    20,
    50,
    100
  ],
  "r2_results": {
    "h10": {
      "r2_mean": -2.5816354407405124,
      "r2_oos": 0.22950996211122,
      "r2_adj": 0.22869114116710487,
      "r2_per_class": [
        -1.3935665568748012,
        -3.8790226493854867,
        -2.47231711596125
      ]
    },
    "h20": {
      "r2_mean": -1.0330015514094315,
      "r2_oos": 0.12070074478936466,
      "r2_adj": 0.11976628929882494,
      "r2_per_class": [
        -0.596067599364607,
        -1.596053042401444,
        -0.9068840124622433
      ]
    },
    "h50": {
      "r2_mean": -0.27213599974031505,
      "r2_oos": -0.023143160522091755,
      "r2_adj": -0.024230482885089888,
      "r2_per_class": [
        -0.22402281769651444,
        -0.4535697590069685,
        -0.13881542251746226
      ]
    },
    "h100": {
      "r2_mean": -0.11517314059688499,
      "r2_oos": -0.06045592843414105,
      "r2_adj": -0.06158290410133116,
      "r2_per_class": [
        -0.14913387423951097,
        -0.17998157616818378,
        -0.016403971382960236
      ]
    }
  },
  "n_samples": 12560
}