{
  "architecture": "seq2seq_attn",
  "timestamp": "2026-07-12T16:20:27.979160",
  "horizons": [
    10,
    20,
    50,
    100
  ],
  "r2_results": {
    "h10": {
      "r2_mean": -2.6796755607621354,
      "r2_oos": 0.20454626666299114,
      "r2_adj": 0.20370091611346852,
      "r2_per_class": [
        -1.9420774699016272,
        -4.08541292103779,
        -2.011536291346989
      ]
    },
    "h20": {
      "r2_mean": -1.1465025080647673,
      "r2_oos": 0.06690862572213108,
      "r2_adj": 0.06591700386790766,
      "r2_per_class": [
        -0.7850713671299532,
        -1.7854617197249962,
        -0.8689744373393531
      ]
    },
    "h50": {
      "r2_mean": -0.31659723914854515,
      "r2_oos": -0.06089510463093628,
      "r2_adj": -0.06202254702274357,
      "r2_per_class": [
        -0.19143594461817126,
        -0.5269523731638652,
        -0.2314033996635989
      ]
    },
    "h100": {
      "r2_mean": -0.11893852601504906,
      "r2_oos": -0.06571490325896545,
      "r2_adj": -0.06684746778327155,
      "r2_per_class": [
        -0.06710927223037011,
        -0.21124506956503697,
        -0.07846123624974011
      ]
    }
  },
  "n_samples": 12560
}