{
  "timestamp": "2026-04-28T01:14:27.110169",
  "mode": "comparison_balanced_vs_original",
  "horizons": [
    10,
    20,
    50,
    100
  ],
  "runs": {
    "dilated_transformer": {
      "base_metrics": {
        "h10_accuracy": 0.530195,
        "h10_f1_macro": 0.32187731415175613,
        "h10_f1_weighted": 0.6065927841502226,
        "h10_precision_macro": 0.3465625302533999,
        "h10_recall_macro": 0.37592503124923926,
        "h20_accuracy": 0.448555,
        "h20_f1_macro": 0.33925823279238215,
        "h20_f1_weighted": 0.49421069076553265,
        "h20_precision_macro": 0.3522992899804705,
        "h20_recall_macro": 0.3738522495213557,
        "h50_accuracy": 0.34366,
        "h50_f1_macro": 0.34102447364319993,
        "h50_f1_weighted": 0.3475793296451767,
        "h50_precision_macro": 0.35285935785353834,
        "h50_recall_macro": 0.3692511439668566,
        "h100_accuracy": 0.35628,
        "h100_f1_macro": 0.33957117722543134,
        "h100_f1_weighted": 0.3297975505461615,
        "h100_precision_macro": 0.3672760667673254,
        "h100_recall_macro": 0.37342276962226945
      },
      "balanced_metrics": {
        "h10_accuracy": 0.35452282929779266,
        "h10_f1_macro": 0.34991355221060966,
        "h10_f1_weighted": 0.3499135522106097,
        "h10_precision_macro": 0.38380526023634437,
        "h10_recall_macro": 0.35452282929779266,
        "h20_accuracy": 0.3526293221065762,
        "h20_f1_macro": 0.35314723249250485,
        "h20_f1_weighted": 0.35314723249250474,
        "h20_precision_macro": 0.37080892357359757,
        "h20_recall_macro": 0.3526293221065762,
        "h50_accuracy": 0.33781142268187797,
        "h50_f1_macro": 0.33151301999292865,
        "h50_f1_weighted": 0.33151301999292865,
        "h50_precision_macro": 0.32823958460067454,
        "h50_recall_macro": 0.33781142268187797,
        "h100_accuracy": 0.3581959729223056,
        "h100_f1_macro": 0.3254490339777481,
        "h100_f1_weighted": 0.3254490339777481,
        "h100_precision_macro": 0.3350218562490907,
        "h100_recall_macro": 0.3581959729223056
      },
      "delta_metrics": {
        "h10_accuracy": -0.175672,
        "h10_f1_macro": 0.028036,
        "h10_f1_weighted": -0.256679,
        "h10_precision_macro": 0.037243,
        "h10_recall_macro": -0.021402,
        "h20_accuracy": -0.095926,
        "h20_f1_macro": 0.013889,
        "h20_f1_weighted": -0.141063,
        "h20_precision_macro": 0.01851,
        "h20_recall_macro": -0.021223,
        "h50_accuracy": -0.005849,
        "h50_f1_macro": -0.009511,
        "h50_f1_weighted": -0.016066,
        "h50_precision_macro": -0.02462,
        "h50_recall_macro": -0.03144,
        "h100_accuracy": 0.001916,
        "h100_f1_macro": -0.014122,
        "h100_f1_weighted": -0.004349,
        "h100_precision_macro": -0.032254,
        "h100_recall_macro": -0.015227
      }
    },
    "hybrid_cnn_inception_lstm": {
      "base_metrics": {
        "h10_accuracy": 0.66366,
        "h10_f1_macro": 0.3579835937812768,
        "h10_f1_weighted": 0.7039479053831231,
        "h10_precision_macro": 0.3603277527523902,
        "h10_recall_macro": 0.37628657050581543,
        "h20_accuracy": 0.54777,
        "h20_f1_macro": 0.3655829849779035,
        "h20_f1_weighted": 0.5721738547894625,
        "h20_precision_macro": 0.36713259438441725,
        "h20_recall_macro": 0.37472190045020026,
        "h50_accuracy": 0.399155,
        "h50_f1_macro": 0.3635330835229799,
        "h50_f1_weighted": 0.40528950834933086,
        "h50_precision_macro": 0.3637355032879763,
        "h50_recall_macro": 0.36667685754241974,
        "h100_accuracy": 0.364735,
        "h100_f1_macro": 0.3649392710247614,
        "h100_f1_weighted": 0.36380393355182516,
        "h100_precision_macro": 0.36582918266930925,
        "h100_recall_macro": 0.3686983174190201
      },
      "balanced_metrics": {
        "h10_accuracy": 0.4232782080803852,
        "h10_f1_macro": 0.3689718943300042,
        "h10_f1_weighted": 0.3689718943300042,
        "h10_precision_macro": 0.4851283058002947,
        "h10_recall_macro": 0.4232782080803852,
        "h20_accuracy": 0.3590093426369885,
        "h20_f1_macro": 0.3403257695472275,
        "h20_f1_weighted": 0.34032576954722754,
        "h20_precision_macro": 0.37963031794106544,
        "h20_recall_macro": 0.3590093426369885,
        "h50_accuracy": 0.3346412197462416,
        "h50_f1_macro": 0.3348029649298125,
        "h50_f1_weighted": 0.33480296492981243,
        "h50_precision_macro": 0.3421378738704275,
        "h50_recall_macro": 0.3346412197462416,
        "h100_accuracy": 0.357596287352037,
        "h100_f1_macro": 0.3558667419005152,
        "h100_f1_weighted": 0.3558667419005152,
        "h100_precision_macro": 0.35569232731938366,
        "h100_recall_macro": 0.3575962873520371
      },
      "delta_metrics": {
        "h10_accuracy": -0.240382,
        "h10_f1_macro": 0.010988,
        "h10_f1_weighted": -0.334976,
        "h10_precision_macro": 0.124801,
        "h10_recall_macro": 0.046992,
        "h20_accuracy": -0.188761,
        "h20_f1_macro": -0.025257,
        "h20_f1_weighted": -0.231848,
        "h20_precision_macro": 0.012498,
        "h20_recall_macro": -0.015713,
        "h50_accuracy": -0.064514,
        "h50_f1_macro": -0.02873,
        "h50_f1_weighted": -0.070487,
        "h50_precision_macro": -0.021598,
        "h50_recall_macro": -0.032036,
        "h100_accuracy": -0.007139,
        "h100_f1_macro": -0.009073,
        "h100_f1_weighted": -0.007937,
        "h100_precision_macro": -0.010137,
        "h100_recall_macro": -0.011102
      }
    },
    "seq2seq_attn": {
      "base_metrics": {
        "h10_accuracy": 0.848975,
        "h10_f1_macro": 0.3137716284608693,
        "h10_f1_weighted": 0.7883313465635862,
        "h10_precision_macro": 0.31632256557630073,
        "h10_recall_macro": 0.33440173845354093,
        "h20_accuracy": 0.700785,
        "h20_f1_macro": 0.3093270378110014,
        "h20_f1_weighted": 0.6270517859437117,
        "h20_precision_macro": 0.3484315375529903,
        "h20_recall_macro": 0.3355424660837432,
        "h50_accuracy": 0.464155,
        "h50_f1_macro": 0.30343248490716174,
        "h50_f1_weighted": 0.39954654950666146,
        "h50_precision_macro": 0.3568186376632661,
        "h50_recall_macro": 0.3376915240296809,
        "h100_accuracy": 0.31896,
        "h100_f1_macro": 0.23475605268581554,
        "h100_f1_weighted": 0.22320657064297694,
        "h100_precision_macro": 0.36720244492333665,
        "h100_recall_macro": 0.340483039360511
      },
      "balanced_metrics": {
        "h10_accuracy": 0.3376363594073454,
        "h10_f1_macro": 0.17610800827509623,
        "h10_f1_weighted": 0.17610800827509626,
        "h10_precision_macro": 0.2847772282756803,
        "h10_recall_macro": 0.33763635940734543,
        "h20_accuracy": 0.3183123481334217,
        "h20_f1_macro": 0.198025535397264,
        "h20_f1_weighted": 0.19802553539726403,
        "h20_precision_macro": 0.261771344986966,
        "h20_recall_macro": 0.31831234813342174,
        "h50_accuracy": 0.3257561218324626,
        "h50_f1_macro": 0.25515544105419063,
        "h50_f1_weighted": 0.25515544105419063,
        "h50_precision_macro": 0.3357542781804037,
        "h50_recall_macro": 0.32575612183246255,
        "h100_accuracy": 0.33767700178825155,
        "h100_f1_macro": 0.2375663219782073,
        "h100_f1_weighted": 0.23756632197820726,
        "h100_precision_macro": 0.35115801215692327,
        "h100_recall_macro": 0.33767700178825155
      },
      "delta_metrics": {
        "h10_accuracy": -0.511339,
        "h10_f1_macro": -0.137664,
        "h10_f1_weighted": -0.612223,
        "h10_precision_macro": -0.031545,
        "h10_recall_macro": 0.003235,
        "h20_accuracy": -0.382473,
        "h20_f1_macro": -0.111302,
        "h20_f1_weighted": -0.429026,
        "h20_precision_macro": -0.08666,
        "h20_recall_macro": -0.01723,