{
  "architecture": "dilated_transformer",
  "timestamp": "2026-07-12T16:19:45.206146",
  "horizons": [
    10,
    20,
    50,
    100
  ],
  "r2_results": {
    "h10": {
      "r2_mean": -3.2352088533683427,
      "r2_oos": 0.08876036276316102,
      "r2_adj": 0.08779196335059769,
      "r2_per_class": [
        -1.5138747064117495,
        -4.778491232473162,
        -3.4132606212201173
      ]
    },
    "h20": {
      "r2_mean": -1.26155151321795,
      "r2_oos": 0.015926619296142253,
      "r2_adj": 0.014880817462189277,
      "r2_per_class": [
        -0.6487801048537389,
        -1.9608779505558815,
        -1.1749964842442298
      ]
    },
    "h50": {
      "r2_mean": -0.30772439977090293,
      "r2_oos": -0.05518323912255663,
      "r2_adj": -0.05630461135786846,
      "r2_per_class": [
        -0.11683041197247768,
        -0.5341388427183973,
        -0.27220394462183384
      ]
    },
    "h100": {
      "r2_mean": -0.11680398734955855,
      "r2_oos": -0.06503286072223369,
      "r2_adj": -0.06616470042118672,
      "r2_per_class": [
        -0.04305925832617241,
        -0.22561664894892397,
        -0.08173605477357926
      ]
    }
  },
  "n_samples": 12560
}