{
  "ridge": {
    "h10_mse": 0.00017064469579061695,
    "h10_rmse": 0.013063104370348457,
    "h10_mae": 0.008079557285065719,
    "h10_r2": 0.037886981884869164,
    "h20_mse": 0.0003224129786658481,
    "h20_rmse": 0.017955861958308995,
    "h20_mae": 0.012326681416526042,
    "h20_r2": 0.06370662969463048,
    "h50_mse": 0.0008289059699578382,
    "h50_rmse": 0.02879072715229399,
    "h50_mae": 0.021972778704714688,
    "h50_r2": 0.08047622401742505,
    "h100_mse": 0.0018889949187097718,
    "h100_rmse": 0.04346256916830587,
    "h100_mae": 0.03455053090335507,
    "h100_r2": 0.04437184469940725
  },
  "lasso": {
    "h10_mse": 0.00017551951968565932,
    "h10_rmse": 0.013248378002067246,
    "h10_mae": 0.007109566031429356,
    "h10_r2": 0.010402204179303598,
    "h20_mse": 0.0003370241186624232,
    "h20_rmse": 0.018358216652562504,
    "h20_mae": 0.01179607924362078,
    "h20_r2": 0.02127560359882541,
    "h50_mse": 0.0008733538858645037,
    "h50_rmse": 0.029552561409537815,
    "h50_mae": 0.02204742611058641,
    "h50_r2": 0.0311691651345799,
    "h100_mse": 0.0019464276961111712,
    "h100_rmse": 0.04411833741327036,
    "h100_mae": 0.03485426027008514,
    "h100_r2": 0.015317039639700547
  },
  "ols": {
    "h10_mse": 0.000170966188785953,
    "h10_rmse": 0.01307540396262972,
    "h10_mae": 0.008101549287015215,
    "h10_r2": 0.03607437004473801,
    "h20_mse": 0.00032362111382502705,
    "h20_rmse": 0.017989472305352014,
    "h20_mae": 0.012364249445018237,
    "h20_r2": 0.0601981824086284,
    "h50_mse": 0.0008354524248809464,
    "h50_rmse": 0.02890419389778837,
    "h50_mae": 0.02204443960126048,
    "h50_r2": 0.07321409638369314,
    "h100_mse": 0.0018969357210536857,
    "h100_rmse": 0.04355382556163908,
    "h100_mae": 0.034630455410036176,
    "h100_r2": 0.04035465321818077
  },
  "mlp": {
    "h10_accuracy": 0.7649916558501761,
    "h10_f1_macro": 0.28895005568045723,
    "h20_accuracy": 0.156387910254033,
    "h20_f1_macro": 0.09088847804069988,
    "h50_accuracy": 0.21197849063600965,
    "h50_f1_macro": 0.11776346779952439,
    "h100_accuracy": 0.24793250509920267,
    "h100_f1_macro": 0.13244974071707702
  },
  "lstm": {
    "h10_accuracy": 0.7652238528701467,
    "h10_f1_macro": 0.2889997404109926,
    "h20_accuracy": 0.6830949284785436,
    "h20_f1_macro": 0.2705709650003863,
    "h50_accuracy": 0.5290730076165707,
    "h50_f1_macro": 0.27401344128815547,
    "h100_accuracy": 0.4092327698309493,
    "h100_f1_macro": 0.3586569727481051
  },
  "cnn": {
    "h10_accuracy": 0.7652238528701467,
    "h10_f1_macro": 0.2889997404109926,
    "h20_accuracy": 0.15727289615456067,
    "h20_f1_macro": 0.09189863228654853,
    "h50_accuracy": 0.21222366710013005,
    "h50_f1_macro": 0.11904058434548055,
    "h100_accuracy": 0.24932193943897454,
    "h100_f1_macro": 0.13607966026957916
  },
  "deeplob": {
    "h10_accuracy": 0.7652238528701467,
    "h10_f1_macro": 0.2889997404109926,
    "h20_accuracy": 0.6830949284785436,
    "h20_f1_macro": 0.2705709650003863,
    "h50_accuracy": 0.5627159576444362,
    "h50_f1_macro": 0.2550776041438741,
    "h100_accuracy": 0.4732676945940925,
    "h100_f1_macro": 0.27853863238510956
  },
  "transformer": {
    "h10_accuracy": 0.7652238528701467,
    "h10_f1_macro": 0.2889997404109926,
    "h20_accuracy": 0.6830949284785436,
    "h20_f1_macro": 0.2705709650003863,
    "h50_accuracy": 0.5672301690507152,
    "h50_f1_macro": 0.2726264873470411,
    "h100_accuracy": 0.4456436931079324,
    "h100_f1_macro": 0.3752147010297789
  },
  "seq2seq": {
    "h10_accuracy": 0.764610811814973,
    "h10_f1_macro": 0.29172829357223184,
    "h20_accuracy": 0.6308192457737322,
    "h20_f1_macro": 0.3425874913724977,
    "h50_accuracy": 0.483782277540405,
    "h50_f1_macro": 0.37643075632018697,
    "h100_accuracy": 0.4352963031766673,
    "h100_f1_macro": 0.38779524538190285
  },
  "temporal_attention": {
    "h10_accuracy": 0.7586104402749396,
    "h10_f1_macro": 0.3030703236676327,
    "h20_accuracy": 0.5959687906371911,
    "h20_f1_macro": 0.35442654188349193,
    "h50_accuracy": 0.46594835593535205,
    "h50_f1_macro": 0.36999217989950156,
    "h100_accuracy": 0.3902656511239086,
    "h100_f1_macro": 0.35429543792561197
  }
}