{
  "timestamp": "2026-04-11T12:21:10.753369",
  "mode": "day_by_day_streaming_deep_stable",
  "architecture": "seq2seq_attn",
  "tickers": [
    "AAPL",
    "AMZN",
    "GOOG",
    "MSFT",
    "TSLA"
  ],
  "horizons": [
    10,
    20,
    50,
    100
  ],
  "seq_len": 100,
  "alpha": 5e-05,
  "train_config": {
    "epochs": 2,
    "batch_size": 64,
    "lr": 0.0001,
    "weight_decay": 5e-05,
    "grad_clip": 1.0,
    "amp": false,
    "label_smoothing": 0.02,
    "device": "cuda"
  },
  "sampling": {
    "train_file_fraction": 0.8,
    "base_subsample": 8,
    "high_pressure_subsample": 16,
    "critical_pressure_subsample": 32,
    "max_rows_per_day_train": 12000,
    "max_rows_per_day_eval": 16000,
    "max_files_per_ticker": 0
  },
  "files": {
    "train_files": 76,
    "eval_files": 20,
    "days_fitted": 152
  },
  "train_rows_seen": {
    "h10": 1824000,
    "h20": 1824000,
    "h50": 1824000,
    "h100": 1824000
  },
  "eval_rows_seen": {
    "h10": 320000,
    "h20": 320000,
    "h50": 320000,
    "h100": 320000
  },
  "train_class_counts": {
    "h10": [
      97322,
      1627954,
      98724
    ],
    "h20": [
      186952,
      1447804,
      189244
    ],
    "h50": [
      375988,
      1069904,
      378108
    ],
    "h100": [
      520550,
      779630,
      523820
    ]
  },
  "eval_class_counts": {
    "h10": [
      24530,
      270705,
      24765
    ],
    "h20": [
      43530,
      232552,
      43918
    ],
    "h50": [
      78138,
      163152,
      78710
    ],
    "h100": [
      101744,
      116662,
      101594
    ]
  },
  "bad_batches_total": 0,
  "test_metrics": {
    "h10_accuracy": 0.4800875,
    "h10_f1_macro": 0.2945576855052093,
    "h10_f1_weighted": 0.5654039931517604,
    "h10_precision_macro": 0.3368122724016695,
    "h10_recall_macro": 0.32639011059889966,
    "h20_accuracy": 0.339259375,
    "h20_f1_macro": 0.27899379248139083,
    "h20_f1_weighted": 0.3895597444218434,
    "h20_precision_macro": 0.33798876550402274,
    "h20_recall_macro": 0.3284968412141907,
    "h50_accuracy": 0.317771875,
    "h50_f1_macro": 0.29751790165453573,
    "h50_f1_weighted": 0.31492169575552437,
    "h50_precision_macro": 0.3357919607422011,
    "h50_recall_macro": 0.32749526501822274,
    "h100_accuracy": 0.3264625,
    "h100_f1_macro": 0.3028856787433229,
    "h100_f1_weighted": 0.30218185923102203,
    "h100_precision_macro": 0.3386363395922785,
    "h100_recall_macro": 0.3302643527406592
  },
  "model_path": "/content/drive/MyDrive/multi-horizon-ofi/model_weights/seq2seq_attn_stable_v2_weights.pt",
  "runtime_seconds": 1692.29
}