{
  "timestamp": "2026-04-28T02:40:18.753760",
  "mode": "day_by_day_streaming_deep_stable_earlystop",
  "architecture": "seq2seq_attn",
  "tickers": [
    "AAPL",
    "AMZN",
    "GOOG",
    "MSFT",
    "TSLA"
  ],
  "horizons": [
    10,
    20,
    50,
    100
  ],
  "seq_len": 100,
  "alpha": 5e-05,
  "train_config": {
    "max_epochs": 6,
    "patience": 2,
    "min_delta": 0.0001,
    "batch_size": 32,
    "lr": 0.0002,
    "weight_decay": 0.0001,
    "grad_clip": 1.0,
    "amp": true,
    "label_smoothing": 0.02,
    "device": "cuda"
  },
  "sampling": {
    "train_file_fraction": 0.8,
    "base_subsample": 16,
    "high_pressure_subsample": 16,
    "critical_pressure_subsample": 32,
    "max_rows_per_day_train": 8000,
    "max_rows_per_day_eval": 10000,
    "max_files_per_ticker": 0
  },
  "files": {
    "train_files": 76,
    "eval_files": 20,
    "days_fitted": 228
  },
  "early_stopping": {
    "best_epoch": 1,
    "best_mean_macro_f1": 0.19923229256844677,
    "epochs_ran": 3
  },
  "epoch_history": [
    {
      "epoch": 1,
      "mean_macro_f1": 0.19923229256844677,
      "avg_train_loss": 1.0772932656372491,
      "bad_batches": 0,
      "improved": true
    },
    {
      "epoch": 2,
      "mean_macro_f1": 0.19845437502018715,
      "avg_train_loss": 1.0706357917512246,
      "bad_batches": 0,
      "improved": false
    },
    {
      "epoch": 3,
      "mean_macro_f1": 0.19174576956352926,
      "avg_train_loss": 1.0674275288661674,
      "bad_batches": 0,
      "improved": false
    }
  ],
  "train_rows_seen": {
    "h10": 254538,
    "h20": 254538,
    "h50": 254538,
    "h100": 254538
  },
  "eval_rows_seen": {
    "h10": 200000,
    "h20": 200000,
    "h50": 200000,
    "h100": 200000
  },
  "train_class_counts": {
    "h10": [
      84846,
      84846,
      84846
    ],
    "h20": [
      83691,
      87177,
      83670
    ],
    "h50": [
      88038,
      79629,
      86871
    ],
    "h100": [
      93978,
      68226,
      92334
    ]
  },
  "eval_class_counts": {
    "h10": [
      14331,
      171272,
      14397
    ],
    "h20": [
      25653,
      148582,
      25765
    ],
    "h50": [
      46895,
      105986,
      47119
    ],
    "h100": [
      61887,
      76414,
      61699
    ]
  },
  "bad_batches_total": 0,
  "test_metrics": {
    "h10_accuracy": 0.172885,
    "h10_f1_macro": 0.15467546118440878,
    "h10_f1_weighted": 0.2121981593764849,
    "h10_precision_macro": 0.3193821689315146,
    "h10_recall_macro": 0.32023155682466564,
    "h20_accuracy": 0.18017,
    "h20_f1_macro": 0.1841322443788098,
    "h20_f1_weighted": 0.16741737916242794,
    "h20_precision_macro": 0.3224920264283027,
    "h20_recall_macro": 0.3267471911796817,
    "h50_accuracy": 0.24661,
    "h50_f1_macro": 0.2157824685475218,
    "h50_f1_weighted": 0.16863366103420255,
    "h50_precision_macro": 0.36138923581310917,
    "h50_recall_macro": 0.3378676390018592,
    "h100_accuracy": 0.31647,
    "h100_f1_macro": 0.24233899616304666,
    "h100_f1_weighted": 0.22773849960449447,
    "h100_precision_macro": 0.37831188728807796,
    "h100_recall_macro": 0.33940877282367016
  },
  "model_path": "/content/drive/MyDrive/multi-horizon-ofi/model_weights/seq2seq_attn_balanced_train_es_weights.pt",
  "runtime_seconds": 1211.32
}