{
  "h10_accuracy": 0.555085,
  "h10_f1_c0": 0.16589147286821707,
  "h10_f1_c1": 0.7077154680513786,
  "h10_f1_c2": 0.14997425724582814,
  "h10_f1_macro": 0.3411937327218079,
  "h10_f1_weighted": 0.5886259729515586,
  "h20_accuracy": 0.297365,
  "h20_f1_c0": 0.2792087476186748,
  "h20_f1_c1": 0.3337622100034041,
  "h20_f1_c2": 0.2493358582074302,
  "h20_f1_macro": 0.2874356052765031,
  "h20_f1_weighted": 0.3087397677578496,
  "h50_accuracy": 0.31512,
  "h50_f1_c0": 0.41470433672831014,
  "h50_f1_c1": 0.10987137112902885,
  "h50_f1_c2": 0.31133250311332505,
  "h50_f1_macro": 0.2786360703235547,
  "h50_f1_weighted": 0.2551961976094324,
  "h100_accuracy": 0.368655,
  "h100_f1_c0": 0.4814571829497203,
  "h100_f1_c1": 0.06396852342498137,
  "h100_f1_c2": 0.32137354545996233,
  "h100_f1_macro": 0.288933083944888,
  "h100_f1_weighted": 0.3003415467980006
}