{
  "h10_accuracy": 0.75303,
  "h10_f1_c0": 0.07825410352365779,
  "h10_f1_c1": 0.8601884043670809,
  "h10_f1_c2": 0.09488974079414764,
  "h10_f1_macro": 0.34444408289496214,
  "h10_f1_weighted": 0.6926771422191382,
  "h20_accuracy": 0.56231,
  "h20_f1_c0": 0.1677469680366993,
  "h20_f1_c1": 0.7180930757267872,
  "h20_f1_c2": 0.21654389195825663,
  "h20_f1_macro": 0.3674613119072477,
  "h20_f1_weighted": 0.5293629386993939,
  "h50_accuracy": 0.372855,
  "h50_f1_c0": 0.3626065718695216,
  "h50_f1_c1": 0.404662374112597,
  "h50_f1_c2": 0.3428933855791202,
  "h50_f1_macro": 0.3700541105204129,
  "h50_f1_weighted": 0.3746587791130904,
  "h100_accuracy": 0.37311,
  "h100_f1_c0": 0.4713646802852654,
  "h100_f1_c1": 0.06804287292130112,
  "h100_f1_c2": 0.3675945753033548,
  "h100_f1_macro": 0.30233404283664045,
  "h100_f1_weighted": 0.31463614457737793
}