{
  "h10_accuracy": 0.67558,
  "h10_f1_c0": 0.017755014938113527,
  "h10_f1_c1": 0.8111684958037444,
  "h10_f1_c2": 0.15565118246349627,
  "h10_f1_macro": 0.3281915644017847,
  "h10_f1_weighted": 0.6544983836119563,
  "h20_accuracy": 0.547795,
  "h20_f1_c0": 0.0908542444081961,
  "h20_f1_c1": 0.7092576799484704,
  "h20_f1_c2": 0.23206805605833375,
  "h20_f1_macro": 0.34405999347166677,
  "h20_f1_weighted": 0.5129033589987726,
  "h50_accuracy": 0.40763,
  "h50_f1_c0": 0.27313596718390687,
  "h50_f1_c1": 0.5317567939473697,
  "h50_f1_c2": 0.29352892920909135,
  "h50_f1_macro": 0.36614056344678936,
  "h50_f1_weighted": 0.3887427538361551,
  "h100_accuracy": 0.35573,
  "h100_f1_c0": 0.36996336996337,
  "h100_f1_c1": 0.37857739420935416,
  "h100_f1_c2": 0.3104921746293246,
  "h100_f1_macro": 0.3530109796006829,
  "h100_f1_weighted": 0.3511954582355567
}